n_sentences,mean_sum,mean_triu,mean_tril,mean_none
1700,0.41996493223225695,0.4006712568172824,0.39816773753247425,0.4262084604906433
