n_sentences,total_skipped,mean_sum,mean_triu,mean_tril,mean_none
2416,14,0.403321249073378,0.3880942372329794,0.3537475061596911,0.40826620738897135
