n_sentences,total_skipped,mean_sum,mean_triu,mean_tril,mean_none
1700,11,0.3924962184979009,0.38278140585259957,0.3473020721593286,0.3993082147281391
