n_sentences,mean_sum,mean_triu,mean_tril,mean_none
1700,0.3810666267912916,0.36181633977872907,0.3679821785187034,0.3823913967497531
