n_sentences,mean_sum,mean_triu,mean_tril,mean_none
1700,0.4280626113429069,0.40817097558909166,0.37392939088429467,0.4313957377988339
