n_sentences,mean_sum,mean_triu,mean_tril,mean_none
100,0.26615330024147155,0.2766655280683702,0.2648064696762433,0.3171354484803302
