n_sentences,mean_sum,mean_triu,mean_tril,mean_none
1700,0.4292857865539552,0.4092909649634429,0.37516004684535614,0.4326883971845239
